상품명,가격,제품 링크
아이폰 12,174311,https://www.ebay.com/itm/127154720215?_skw=%EC%95%84%EC%9D%B4%ED%8F%B0&epid=9041711176&itmmeta=01JXFB9M90FMKFXFSKZT4JDXMT&hash=item1d9b030dd7:g:jwQAAeSwfqFoJ76D&itmprp=enc%3AAQAKAAAA4FkggFvd1GGDu0w3yXCmi1enU8rSXgpGToljEFgSrL6dhnyEFgJOBzYKqetF%2BLEK%2Boo8if1y3daS51F%2FOBK90kBP0FCy4abkDTvpQTmcWy2a89PEJNHqTBReLrx%2BTrI354vK5x0bhRnBINQk%2B%2FLYuYgNPlvZmbFc9%2BxBj86Se677soy5MBN1gdmVAni9vA%2B7dh9U%2BJua2E6%2BvR3BAAur5MkKwPdkSH9muEpY2xZ703mqYkFIGpbRvZX7i6zKhuIw7lVlgY%2BNPecLKxbV9HxlBD3F0M7laoCyIc2Fl3JCCKV8%7Ctkp%3ABk9SR_jEpuvrZQ
"새 리스팅애플 아이폰 XR - 64GB 스토리지, 블루, Face ID",224212,https://www.ebay.com/itm/316969832248?_skw=%EC%95%84%EC%9D%B4%ED%8F%B0&epid=21023708552&itmmeta=01JXFB9M8ZXYF3JS3MS88VRBTY&hash=item49ccdfcf38:g:CeUAAeSw08RoSUqh&itmprp=enc%3AAQAKAAAA4FkggFvd1GGDu0w3yXCmi1fGl08xP5vHxpsvmUQnu20JrsaIg5gqxYnaJdzKp0QaIrrcVlpF5qyP6S7IhO4O3y6VSshXGhc%2FVsFHWwqR%2BkzUwnr0IQzC4QHy5BmmNmkyEevbD%2BAH6DOb8PUYTJZzNfqdSKnu0jsZCOUS4decUCnXY7PwBr%2FH6PgvWSvzdZVvYDCzC13xD%2BdeHJprMm6wx%2Fk0m%2Bvk7QPQEgsDDnqIV5B6U7iIxFrxVTaknEEwuT0Jztj3TB0u0Olfb3TlmsStnePCvGMGoRoTFXfbd74IvnNg%7Ctkp%3ABFBM9sSm6-tl
애플 아이폰 12 미니 64GB - 공기계 - 상태 아주,225566,https://www.ebay.com/itm/226258996651?_skw=%EC%95%84%EC%9D%B4%ED%8F%B0&epid=13041717342&itmmeta=01JXFB9M90TAWZA1TK9A4GSCZT&hash=item34ae164dab:g:6wAAAOSwNHlmoVCn&itmprp=enc%3AAQAKAAAA4FkggFvd1GGDu0w3yXCmi1d7njcrpguhwtVY6Yk%2Bph2AiQBpidkwvcXQc%2F4ddn4UpWHr9oINdoIw8nwifG0XkbLhmDXYLyqSUsnuHkXm6xga2lrmBXi68V%2F6OBv6D7iWnr0ZrZ7ISga9HWsljRyvNhLaRug6GZir2fdPCXScMiitG%2By8t%2FwIuC6uw3%2Bc6WuiDjxWzvc1Kze2g7k2ZqRqV2YhtNohjCEq8hdR1BG2QNix%2B0x96asfXM2svjNHWsezHndAvKXrQfij0qPoUtgoyr0jeAOjMYDpI2oINcbHo7ij%7Ctkp%3ABk9SR_bEpuvrZQ
새 리스팅애플 아이폰 11 - 64GB 공기계 - 블랙 & 슬레이트 - 신품과 같은 놀라운 상태,267989,https://www.ebay.com/itm/316968266761?_skw=%EC%95%84%EC%9D%B4%ED%8F%B0&epid=9034209104&itmmeta=01JXFB9M8ZWHGB109NBX6T6BWF&hash=item49ccc7ec09:g:APQAAOSwYvpoSS5r&itmprp=enc%3AAQAKAAAA4FkggFvd1GGDu0w3yXCmi1dNdrzgJUBHZ7WAOg7eaqsEqgOsclxOiO1pnJ3BmDv59QOFz5BQNtSsHCysPO7H9inoRxWNg5o8hQug8YYsusC1POtKKoLL8w5p%2Fjp%2Fc2qdqaqr5398wi9ZlDe8rviKo3URzBg%2Fc1Gf%2FPhtpyg0zuQifgtjI1HY%2B00xSMq67DwBjUFXnravlvUhycOPRYvJIaEBafoVUMQ%2FqrXt%2Bddt20DRm5m5V3EpuZQa7%2FS6qU68pbBW316nzd4GUBRuUo8invRi0h6i2cnWM5C%2B%2BNIfbO9H%7Ctkp%3ABFBM9sSm6-tl
새 리스팅애플 아이폰 13 프로 - 128GB - 공기계 (설명 필독),273430,https://www.ebay.com/itm/286640121838?_skw=%EC%95%84%EC%9D%B4%ED%8F%B0&itmmeta=01JXFB9M90Y0YHJDT70SX0XRGN&hash=item42bd1527ee:g:S6QAAeSwfmJoQ1Sq&itmprp=enc%3AAQAKAAAAwFkggFvd1GGDu0w3yXCmi1dOMsVHm6bQPwSbDPEjAi8Liboji%2BH3cgCLNo3WUdYvY420h2w8BSbVoD6vWeCPs%2BQIbJ0Ir6LtA%2F1GynN%2B5B8cVUjmB5A%2BufJtiPo1SDqdf2J58VKkY5Ro%2FWHkGXVCqq33yuiIeGDMhYiY%2Ba67OjrTdC7lwG1QreFWe7nrqQVogHj6jQDyx3sW%2BSlJchrZFvInHlX0oJcl03GBgX1vyfsJbqo11c1KSYhR1%2Bg7THJveQ%3D%3D%7Ctkp%3ABk9SR_bEpuvrZQ
(새 제품) 애플 아이폰 13 미니 128GB A2626 공기계 모든 통신사용,451145,https://www.ebay.com/itm/306216414602?_skw=%EC%95%84%EC%9D%B4%ED%8F%B0&epid=5049289969&itmmeta=01JXFB9M908389A4T24H95DVJY&hash=item474bebad8a:g:CmwAAOSwtGdmXwkk&itmprp=enc%3AAQAKAAAAwFkggFvd1GGDu0w3yXCmi1eXL%2BigrHBIqp%2FiHHjqhBzVfcNh%2B4hX%2FtdIwFoTD8QKjhrhEbWyBx4agBQRTgkTPpQCGszTLEpkKdf%2Fo6cTklmjV1jBUYyhQpLCdrYWYpbywSAQgHbwUKMpXJyX4jf3yWCBY7C1XW1KUnqk1zxXEJSAQE6HezwLR%2FADzcPrkHk4oXCYUu8e4awhBQeLcuSRuEtBRVf0KDbNUkryy9Z%2F13c%2BodK6GGHfl6rh1WnCIKg7JA%3D%3D%7Ctkp%3ABk9SR_jEpuvrZQ
새 리스팅iphone 13,499830,https://www.ebay.com/itm/205552307900?_skw=%EC%95%84%EC%9D%B4%ED%8F%B0&epid=25049270816&itmmeta=01JXFB9M90MA2T5QYXZ98X7CPD&hash=item2fdbdf4ebc:g:DoAAAeSwmdhoSUpz&itmprp=enc%3AAQAKAAAA4FkggFvd1GGDu0w3yXCmi1e6th0kMid1S7QbpPFdoZiXzdlQ44YMnT%2BqnRcoNQc0WhSukspN3UjGgdo5P7tdDJMKd18lITtYmYJJirHVx6hD9ycd02GN14ZZ9KRxXGAxAyW7FPApdBJXmMcXj5d4oj0KPi8Dcmj%2Flobs%2FsPyPR98E6WT%2FE95rGdSkX5pdLTXs1lHDMWoh2QN5toaKZ%2BGYZn3Lblllc09JqgGXIffHsihq81VFN8cRortmJ7gMVgGvB3B%2FbnVUNl1HEPq7nKIhyMCBa1sR4XJQiHsMfZadHJ9%7Ctkp%3ABk9SR_bEpuvrZQ
"애플 아이폰 14 프로 256GB, 딥 퍼플 - 공기계",587874,https://www.ebay.com/itm/205539613159?_skw=%EC%95%84%EC%9D%B4%ED%8F%B0&itmmeta=01JXFB9M8ZN3XBA31A7ERM9D5X&hash=item2fdb1d99e7:g:Go8AAeSwg4JoQuJl&itmprp=enc%3AAQAKAAAA4FkggFvd1GGDu0w3yXCmi1fuZgh2FBxw66ddeopk4WUi9jNjl1%2BsXHBJQsxHNFuFjXaS8zlqQByu4SDv%2F0aJBVAjL6FLnYmpW9JqgxBMGR%2BD2PFKC81uHUKvdbuk4bKpBHYSNtIGiqFl017x4uCXM3DNdzXvUxrMGecHfeGdA0QBbJVrP%2BJ9DTpSs2nlEwWcdsv3cqgSIqVUWNoWupoSJYmd03eBAsXmNj7iyGmkKBrKXbDC6x1a0QOR661hHaYsApsGbh9tF7CS4Zs4h820dKClfLXm4Hak8b83XroSQodL%7Ctkp%3ABFBM9sSm6-tl
새 리스팅미개봉 애플 아이폰 16 프로 128GB 블랙 티타늄 (공기계) 영국 익일 배송,1622328,https://www.ebay.com/itm/226808879160?_skw=%EC%95%84%EC%9D%B4%ED%8F%B0&itmmeta=01JXFB9M90RAE7V3EA4N77Z6CQ&hash=item34cedcd838:g:Cw0AAOSwoARoSWP4&itmprp=enc%3AAQAKAAAAwFkggFvd1GGDu0w3yXCmi1d9rri8nE4PCtmOvoC8q%2BoxBznBuIy0wyEi9eew5NE4dOdNGsWS%2BiKMzfcZXKvmrO9K5bCFWFh%2BZGDxbdigg3dTp8vPTku38BTJ3wgjlUHgFt3FK1iLKw0uLAIKk%2FnAuKDp%2F%2Bfv5s7JukPplYrjlvpwlkCSNjU2Xvsu1p5GCRIm8CHCPnrK98dsQOdJCaugdFp6uQ9GGXYPKzYPK6xrZfpsJ7aeXiJHNHYoSaAVPBDwyA%3D%3D%7Ctkp%3ABk9SR_jEpuvrZQ
